"","title","hit","url_val"
"1","욕심상정은 예상 외로 단일화 할지도 모르겠네요","597.9 k","https://www.clien.net/service/board/park/14739927?od=T31&po=0&category=&groupCd=community"
"2","주말에 떠나는 방구석 세계문화유산 탐험 그리스편","126","https://www.clien.net/service/board/park/14739926?od=T31&po=0&category=&groupCd=community"
"3","3년 만에 하드디스크 사려는데 가격이 똑같네요","108","https://www.clien.net/service/board/park/14739925?od=T31&po=0&category=&groupCd=community"
"4","Korea, Wonderland? 참 이상한 나라","96","https://www.clien.net/service/board/park/14739923?od=T31&po=0&category=&groupCd=community"
"5","선암사 범종각","178","https://www.clien.net/service/board/park/14739922?od=T31&po=0&category=&groupCd=community"
"6","소방에 대해서 궁금 하신거 있으시거 알려드릴게요","151","https://www.clien.net/service/board/park/14739921?od=T31&po=0&category=&groupCd=community"
"7","스티비 원더 노래 들으면서 인터넷 서핑하고 있습니다.","90","https://www.clien.net/service/board/park/14739920?od=T31&po=0&category=&groupCd=community"
"8","인천공항 제2터미널 입니다...","78","https://www.clien.net/service/board/park/14739919?od=T31&po=0&category=&groupCd=community"
"9","장.차관 급여 4달 30%삭감...고통분담차원","790","https://www.clien.net/service/board/park/14739918?od=T31&po=0&category=&groupCd=community"
"10","심상정 지역구 상황!!!","654","https://www.clien.net/service/board/park/14739917?od=T31&po=0&category=&groupCd=community"
"11","ps5는 발열이 어마어머하겠죠?","1592","https://www.clien.net/service/board/park/14739915?od=T31&po=0&category=&groupCd=community"
"12","자전거에 문제가 생겼는데요 휠 베어링 문제요.","266","https://www.clien.net/service/board/kin/14739914?od=T31&po=0&category=&groupCd=community"
"13","저널리즘 토크쇼 J 82회 예고","19","https://www.clien.net/service/board/park/14739912?od=T31&po=0&category=&groupCd=community"
"14","드래곤 후르츠를 몰래 먹었답니다","245","https://www.clien.net/service/board/park/14739911?od=T31&po=0&category=&groupCd=community"
"15","이번 총선 두 번째 후원입니다. ( 경기 의왕/과천 이소영 후보 )","722","https://www.clien.net/service/board/park/14739910?od=T31&po=0&category=&groupCd=community"
"16","전기면도기 추천하실만한 제품 있으신가요?","192","https://www.clien.net/service/board/kin/14739909?od=T31&po=0&category=&groupCd=community"
"17","딸기 깜끔하게 먹기.jpg","14","https://www.clien.net/service/board/park/14739907?od=T31&po=0&category=&groupCd=community"
"18","쿠팡맨 분들은 좋은 날씨에도 수고가 많으시군요","1489","https://www.clien.net/service/board/park/14739905?od=T31&po=0&category=&groupCd=community"
"19","ASUS Pcie 4.0 ssd 확장카드(X4).jpg","426","https://www.clien.net/service/board/park/14739904?od=T31&po=0&category=&groupCd=community"
"20","ABC 마트의 꼼수","753","https://www.clien.net/service/board/park/14739903?od=T31&po=0&category=&groupCd=community"
"21","한 대통령의 업적","2597","https://www.clien.net/service/board/park/14739902?od=T31&po=0&category=&groupCd=community"
"22","바이럴 한번 합니다","1751","https://www.clien.net/service/board/park/14739901?od=T31&po=0&category=&groupCd=community"
"23","아 이게 그 유명한 동물의 숲이란 게임이군요","392","https://www.clien.net/service/board/park/14739900?od=T31&po=0&category=&groupCd=community"
"24","흥미로운 여론조사 : 시사저널 정당지지도 조사","988","https://www.clien.net/service/board/park/14739898?od=T31&po=0&category=&groupCd=community"
"25","한강 인파 충격적이네요 ㄷ ㄷ","1454","https://www.clien.net/service/board/park/14739897?od=T31&po=0&category=&groupCd=community"
"26","이탈리아 정말 놀라운 문화","4602","https://www.clien.net/service/board/park/14739896?od=T31&po=0&category=&groupCd=community"
"27","미국 코로나 치료비용 $34,927불.news","2047","https://www.clien.net/service/board/park/14739895?od=T31&po=0&category=&groupCd=community"
"28","요새 매력적인 이어폰 딜이 많이 올라와서....","1115","https://www.clien.net/service/board/park/14739894?od=T31&po=0&category=&groupCd=community"
"29","오늘 시드니 날씨가 좋더라구요.jpg","738","https://www.clien.net/service/board/park/14739893?od=T31&po=0&category=&groupCd=community"
"30","그 남자의 기억법 드라마 보시는 분?","819","https://www.clien.net/service/board/park/14739891?od=T31&po=0&category=&groupCd=community"
"31","욕심상정은 예상 외로 단일화 할지도 모르겠네요","408","https://www.clien.net/service/board/park/14739927?od=T31&po=0&category=&groupCd=community"
